/*
Navicat MySQL Data Transfer

Source Server         : localhost_3306
Source Server Version : 50553
Source Host           : localhost:3306
Source Database       : shenhua

Target Server Type    : MYSQL
Target Server Version : 50553
File Encoding         : 65001

Date: 2017-09-21 17:59:02
*/

SET FOREIGN_KEY_CHECKS=0;

-- ----------------------------
-- Table structure for equipment
-- ----------------------------
DROP TABLE IF EXISTS `equipment`;
CREATE TABLE `equipment` (
  `id` int(10) NOT NULL AUTO_INCREMENT,
  `equ_no` int(10) NOT NULL DEFAULT '0',
  `equ_name` varchar(50) NOT NULL DEFAULT '',
  `create_time` int(11) DEFAULT NULL,
  `update_time` int(11) DEFAULT NULL,
  PRIMARY KEY (`id`)
) ENGINE=InnoDB AUTO_INCREMENT=13 DEFAULT CHARSET=utf8;

-- ----------------------------
-- Records of equipment
-- ----------------------------
INSERT INTO `equipment` VALUES ('3', '100', '一号破碎站', '1504776671', '1504776671');
INSERT INTO `equipment` VALUES ('12', '200', '二号破碎站', '1505728325', '1505728325');

-- ----------------------------
-- Table structure for info_warning
-- ----------------------------
DROP TABLE IF EXISTS `info_warning`;
CREATE TABLE `info_warning` (
  `id` int(11) NOT NULL AUTO_INCREMENT,
  `equ_no` int(11) NOT NULL COMMENT '设备编号',
  `equ_oil_no` int(11) NOT NULL COMMENT '润滑点编号',
  `equ_key_no` int(10) DEFAULT NULL,
  `equ_name` varchar(100) DEFAULT NULL COMMENT '设备名称',
  `equ_oil_name` varchar(255) DEFAULT NULL COMMENT '润滑点名称',
  `del_warning_time` varchar(100) DEFAULT NULL,
  `warning_type` tinyint(1) DEFAULT NULL COMMENT '1:润滑 0:延期 ',
  `how_long` int(11) DEFAULT NULL COMMENT '距离上次润滑的运行时长',
  `postpone` int(10) DEFAULT NULL COMMENT '延期时长',
  `deadline` int(10) DEFAULT NULL COMMENT '润滑截止日期',
  `status` tinyint(1) DEFAULT NULL,
  `is_first_period` tinyint(1) DEFAULT NULL COMMENT '是否在首保周期',
  `postpone_reason` varchar(255) DEFAULT NULL COMMENT '延期原因',
  `user_id` int(10) DEFAULT NULL COMMENT '操作人员',
  `oil_no` int(11) DEFAULT NULL COMMENT '物料编号',
  `quantity` int(10) DEFAULT NULL COMMENT '用量',
  `create_time` int(11) DEFAULT NULL,
  `update_time` int(11) DEFAULT NULL,
  PRIMARY KEY (`id`)
) ENGINE=MyISAM AUTO_INCREMENT=65 DEFAULT CHARSET=utf8;

-- ----------------------------
-- Records of info_warning
-- ----------------------------
INSERT INTO `info_warning` VALUES ('60', '100', '1', '10020171', '一号破碎站', '一号破碎站板式给料机左侧电动机前端轴承', '1505923200', '0', '3240', '300', '560', '1', '0', '设备维修', '1', null, null, '1505974322', '1505974322');
INSERT INTO `info_warning` VALUES ('27', '100', '10', '100201710', '一号破碎站', '一号破碎站板式给料机尾轮左侧轴承', '1491753600', '1', '2880', null, '620', '1', '0', null, '1', '10209286', '100', '1505877001', '1505954499');
INSERT INTO `info_warning` VALUES ('28', '100', '11', '100201711', '一号破碎站', '一号破碎站板式给料机尾轮右侧轴承', '1491840000', '1', '2880', null, '620', '1', '0', null, '1', '10209286', '100', '1505877001', '1505954499');
INSERT INTO `info_warning` VALUES ('29', '100', '12', '100201712', '一号破碎站', '一号破碎站板式给料机集中润滑泵', '1491926400', '1', '2880', null, '620', '1', '0', null, '1', '10209288', '100', '1505877001', '1505954499');
INSERT INTO `info_warning` VALUES ('30', '100', '13', '100201713', '一号破碎站', '一号破碎站破碎机电机', '1492012800', '1', '2880', null, '620', '1', '0', null, '1', '10209288', '100', '1505877001', '1505954499');
INSERT INTO `info_warning` VALUES ('31', '100', '14', '100201714', '一号破碎站', '一号破碎站破碎机偶合器', '1492099200', '1', '2880', null, '620', '1', '0', null, '1', '11249923', '100', '1505877001', '1505954499');
INSERT INTO `info_warning` VALUES ('25', '100', '8', '10020178', '一号破碎站', '一号破碎站板式给料机头轮左侧轴承', '1491580800', '0', '2880', '300', '920', '1', '0', '设备维修', '1', null, null, '1505877001', '1505954499');
INSERT INTO `info_warning` VALUES ('26', '100', '9', '10020179', '一号破碎站', '一号破碎站板式给料机头轮左侧轴承', '1491667200', '0', '2880', '300', '920', '1', '0', '设备维修', '1', null, null, '1505877001', '1505954499');
INSERT INTO `info_warning` VALUES ('20', '100', '3', '10020173', '一号破碎站', '一号破碎站板式给料机左侧电动机前端轴承', '1491148800', '1', '3240', null, '260', '2', '0', null, '1', '10209348', '100', '1505877001', '1505954499');
INSERT INTO `info_warning` VALUES ('21', '100', '4', '10020174', '一号破碎站', '一号破碎站板式给料机左侧电动机前端轴承', '1491235200', '1', '3240', null, '260', '2', '0', null, '1', '10209348', '100', '1505877001', '1505954499');
INSERT INTO `info_warning` VALUES ('22', '100', '5', '10020175', '一号破碎站', '一号破碎站板式给料机左侧电动机前端轴承', '1491321600', '1', '3240', null, '260', '2', '0', null, '1', '10209351', '100', '1505877001', '1505954499');
INSERT INTO `info_warning` VALUES ('23', '100', '6', '10020176', '一号破碎站', '一号破碎站板式给料机左侧电动机前端轴承', '1491408000', '1', '3240', null, '260', '2', '0', null, '1', '10209351', '100', '1505877001', '1505954499');
INSERT INTO `info_warning` VALUES ('24', '100', '7', '10020177', '一号破碎站', '一号破碎站板式给料机低速联轴器', '1491494400', '0', '3240', '300', '560', '1', '0', '设备维修', '1', null, null, '1505877001', '1505954499');
INSERT INTO `info_warning` VALUES ('18', '100', '1', '10020171', '一号破碎站', '一号破碎站板式给料机左侧电动机前端轴承', '1490976000', '1', '3240', null, '260', '2', '0', null, '1', '10209358', '100', '1505877001', '1505954499');
INSERT INTO `info_warning` VALUES ('19', '100', '2', '10020172', '一号破碎站', '一号破碎站板式给料机左侧电动机前端轴承', '1491062400', '1', '0', null, '0', '1', '1', null, '1', '10209358', '100', '1505877001', '1505985749');
INSERT INTO `info_warning` VALUES ('34', '100', '3', '10020173', '一号破碎站', '一号破碎站板式给料机左侧电动机前端轴承', '1501689600', '1', '1800', null, '1700', '1', '0', null, '1', '10209348', '100', '1505954499', '1505954499');
INSERT INTO `info_warning` VALUES ('35', '100', '4', '10020174', '一号破碎站', '一号破碎站板式给料机左侧电动机前端轴承', '1501776000', '1', '1800', null, '1700', '1', '0', null, '1', '10209348', '100', '1505954499', '1505954499');
INSERT INTO `info_warning` VALUES ('36', '100', '5', '10020175', '一号破碎站', '一号破碎站板式给料机左侧电动机前端轴承', '1501862400', '1', '1800', null, '1700', '1', '0', null, '1', '10209351', '100', '1505954499', '1505954499');
INSERT INTO `info_warning` VALUES ('37', '100', '6', '10020176', '一号破碎站', '一号破碎站板式给料机左侧电动机前端轴承', '1501948800', '1', '0', null, '3500', '1', '0', null, '1', '10209351', '100', '1505954499', '1505986359');
INSERT INTO `info_warning` VALUES ('38', '100', '7', '10020177', '一号破碎站', '一号破碎站板式给料机低速联轴器', '1502035200', '0', '2520', '300', '1280', '1', '0', '设备维修', '1', null, null, '1505954499', '1505987777');
INSERT INTO `info_warning` VALUES ('39', '100', '8', '10020178', '一号破碎站', '一号破碎站板式给料机头轮左侧轴承', '1502121600', '0', '0', '300', '3800', '1', '0', '设备维修', '1', null, null, '1505954499', '1505986248');
INSERT INTO `info_warning` VALUES ('40', '100', '9', '10020179', '一号破碎站', '一号破碎站板式给料机头轮左侧轴承', '1502208000', '0', '1440', '300', '2360', '1', '0', '设备维修', '1', null, null, '1505954499', '1505954499');
INSERT INTO `info_warning` VALUES ('41', '100', '10', '100201710', '一号破碎站', '一号破碎站板式给料机尾轮左侧轴承', '1502294400', '1', '0', null, '3500', '1', '0', null, '1', '10209286', '100', '1505954499', '1505985838');
INSERT INTO `info_warning` VALUES ('42', '100', '11', '100201711', '一号破碎站', '一号破碎站板式给料机尾轮右侧轴承', '1502380800', '1', '1440', null, '2060', '1', '0', null, '1', '10209286', '100', '1505954499', '1505954499');
INSERT INTO `info_warning` VALUES ('43', '100', '12', '100201712', '一号破碎站', '一号破碎站板式给料机集中润滑泵', '1502467200', '1', '0', null, '3500', '1', '0', null, '1', '10209288', '100', '1505954499', '1505985927');
INSERT INTO `info_warning` VALUES ('44', '100', '13', '100201713', '一号破碎站', '一号破碎站破碎机电机', '1502553600', '1', '1440', null, '2060', '1', '0', null, '1', '10209288', '100', '1505954499', '1505954499');
INSERT INTO `info_warning` VALUES ('45', '100', '14', '100201714', '一号破碎站', '一号破碎站破碎机偶合器', '1502640000', '1', '1440', null, '2060', '1', '0', null, '1', '11249923', '100', '1505954499', '1505954499');
INSERT INTO `info_warning` VALUES ('47', '100', '3', '10020173', '一号破碎站', '一号破碎站板式给料机左侧电动机前端轴承', '1505923200', '1', '1080', null, '2420', '1', '0', null, '1', '10889994', '100', '1505956932', '1505956932');
INSERT INTO `info_warning` VALUES ('64', '100', '7', '10020177', '一号破碎站', '一号破碎站板式给料机低速联轴器', '1505923200', '1', '0', null, '3500', '1', '0', null, '1', '10889994', '100', '1505987784', '1505987812');
INSERT INTO `info_warning` VALUES ('49', '100', '13', '100201713', '一号破碎站', '一号破碎站破碎机电机', '1505923200', '0', '1440', '300', '2360', '1', '0', '设备维修', '9', null, null, '1505957360', '1505957360');
INSERT INTO `info_warning` VALUES ('50', '100', '13', '100201713', '一号破碎站', '一号破碎站破碎机电机', '1505923200', '1', '1080', null, '2420', '1', '0', null, '9', '10889994', '100', '1505957632', '1505957632');
INSERT INTO `info_warning` VALUES ('51', '100', '13', '100201713', '一号破碎站', '一号破碎站破碎机电机', '1506009600', '1', '1080', null, '2420', '1', '0', null, '9', '10889994', '100', '1505957813', '1505957813');
INSERT INTO `info_warning` VALUES ('52', '100', '13', '100201713', '一号破碎站', '一号破碎站破碎机电机', '1506009600', '0', '1080', '300', '2720', '1', '0', '设备维修', '9', null, null, '1505957988', '1505957988');
INSERT INTO `info_warning` VALUES ('56', '100', '5', '10020175', '一号破碎站', '一号破碎站板式给料机左侧减速机', '1505923200', '0', '1800', '300', '2000', '1', '0', '设备维修', '9', null, null, '1505958650', '1505958650');
INSERT INTO `info_warning` VALUES ('57', '100', '5', '10020175', '一号破碎站', '一号破碎站板式给料机左侧减速机', '1505923200', '1', '1080', null, '2420', '1', '0', null, '9', '10889994', '100', '1505958656', '1505958656');
INSERT INTO `info_warning` VALUES ('58', '100', '11', '100201711', '一号破碎站', '一号破碎站板式给料机尾轮右侧轴承', '1505923200', '0', '1440', '300', '2360', '1', '0', '设备维修', '1', null, null, '1505962587', '1505962587');
INSERT INTO `info_warning` VALUES ('59', '100', '11', '100201711', '一号破碎站', '一号破碎站板式给料机尾轮右侧轴承', '1505923200', '1', '1080', null, '2420', '1', '0', null, '1', '10209398', '100', '1505962596', '1505962596');

-- ----------------------------
-- Table structure for oil_analysis
-- ----------------------------
DROP TABLE IF EXISTS `oil_analysis`;
CREATE TABLE `oil_analysis` (
  `id` int(10) NOT NULL AUTO_INCREMENT,
  `equ_no` int(11) NOT NULL DEFAULT '0' COMMENT '设备名称编号',
  `equ_oil_no` int(11) NOT NULL DEFAULT '0' COMMENT '润滑点编号',
  `equ_key_no` int(10) DEFAULT NULL,
  `equ_name` varchar(100) DEFAULT NULL,
  `equ_oil_name` varchar(255) DEFAULT NULL,
  `sampling_time` int(15) DEFAULT NULL COMMENT '采样日期',
  `work_hour` int(20) DEFAULT NULL,
  `oil_no` int(20) DEFAULT NULL,
  `Fe` float(10,2) DEFAULT NULL,
  `Cu` float(10,2) DEFAULT NULL,
  `Al` float(10,2) DEFAULT NULL,
  `Si` float(10,2) DEFAULT NULL,
  `Na` float(10,2) DEFAULT NULL,
  `pq` int(2) DEFAULT NULL COMMENT 'PQ',
  `viscosity` float(10,1) DEFAULT NULL COMMENT '粘度',
  `oil_status` varchar(50) DEFAULT '正常' COMMENT '油脂状态',
  `advise` int(1) DEFAULT NULL,
  `create_time` int(11) DEFAULT NULL,
  `update_time` int(11) DEFAULT NULL,
  PRIMARY KEY (`id`)
) ENGINE=InnoDB AUTO_INCREMENT=40 DEFAULT CHARSET=utf8;

-- ----------------------------
-- Records of oil_analysis
-- ----------------------------
INSERT INTO `oil_analysis` VALUES ('3', '100', '3', '10020173', null, '一号破碎站板式给料机左侧电动机前端轴承', '1499097600', '2160', '10209348', '2.20', '0.50', '0.02', '2.10', '1.71', '10', '14.0', 'Fe元素超标', '0', '1505898944', '1505898944');
INSERT INTO `oil_analysis` VALUES ('4', '200', '1', '20020171', null, '二号破碎站板式给料机左侧电动机前端轴承', '1499184000', '0', null, '1.20', '3.69', '1.16', '2.88', '1.88', '15', '15.8', '粘度偏高', '0', '1505898944', '1505898944');
INSERT INTO `oil_analysis` VALUES ('5', '200', '2', '20020172', null, '二号破碎站板式给料机左侧电动机前端轴承', '1499270400', '0', null, '1.31', '3.78', '0.39', '3.08', '2.46', '5', '13.1', '粘度偏低', '0', '1505898944', '1505898944');
INSERT INTO `oil_analysis` VALUES ('6', '200', '3', '20020173', null, '二号破碎站板式给料机左侧电动机前端轴承', '1499270400', '0', null, '1.91', '1.13', '0.00', '1.88', '3.07', '10', '10.0', '粘度偏低', '0', '1505898944', '1505898944');
INSERT INTO `oil_analysis` VALUES ('9', '100', '3', '10020173', null, '一号破碎站板式给料机左侧电动机前端轴承', '1501776000', '1800', '10209348', '2.20', '0.50', '0.02', '2.10', '1.71', '10', '14.0', 'Fe元素超标', '0', '1505898944', '1505898944');
INSERT INTO `oil_analysis` VALUES ('10', '200', '1', '20020171', null, '二号破碎站板式给料机左侧电动机前端轴承', '1501862400', '0', null, '1.20', '3.69', '1.16', '2.88', '1.88', '15', '15.8', '粘度偏高', '0', '1505898944', '1505898944');
INSERT INTO `oil_analysis` VALUES ('11', '200', '2', '20020172', null, '二号破碎站板式给料机左侧电动机前端轴承', '1501948800', '0', null, '1.31', '3.78', '0.39', '3.08', '2.46', '5', '13.1', '粘度偏低', '0', '1505898944', '1505898944');
INSERT INTO `oil_analysis` VALUES ('12', '200', '3', '20020173', null, '二号破碎站板式给料机左侧电动机前端轴承', '1502035200', '0', null, '1.91', '1.13', '0.00', '1.88', '3.07', '10', '10.0', '粘度偏低', '0', '1505898944', '1505898944');
INSERT INTO `oil_analysis` VALUES ('15', '100', '3', '10020173', null, '一号破碎站板式给料机左侧电动机前端轴承', '1504454400', '1440', '10209348', '2.20', '0.50', '0.02', '2.10', '1.71', '10', '14.0', 'Fe元素超标', '0', '1505898944', '1505898944');
INSERT INTO `oil_analysis` VALUES ('16', '200', '1', '20020171', null, '二号破碎站板式给料机左侧电动机前端轴承', '1504540800', '0', null, '1.20', '3.69', '1.16', '2.88', '1.88', '15', '15.8', '粘度偏高', '0', '1505898944', '1505898944');
INSERT INTO `oil_analysis` VALUES ('17', '200', '2', '20020172', null, '二号破碎站板式给料机左侧电动机前端轴承', '1504627200', '0', null, '1.31', '3.78', '0.39', '3.08', '2.46', '5', '13.1', '', '0', '1505898944', '1505981824');
INSERT INTO `oil_analysis` VALUES ('18', '200', '3', '20020173', null, '二号破碎站板式给料机左侧电动机前端轴承', '1504713600', '0', null, '1.91', '1.13', '23.00', '1.88', '3.07', '10', '10.0', 'Al元素超标', '0', '1505898944', '1505981824');
INSERT INTO `oil_analysis` VALUES ('37', '100', '2', '10020172', '一号破碎站', '一号破碎站板式给料机右侧电动机后端轴承', '1496419200', '2160', '10209358', '2.10', '3.60', '1.30', '2.10', '3.65', '2', '12.0', 'Fe元素超标', '0', '1505982283', '1505982283');
INSERT INTO `oil_analysis` VALUES ('38', '100', '2', '10020172', '一号破碎站', '一号破碎站板式给料机右侧电动机后端轴承', '1505923200', '720', '10209358', '2.10', '3.60', '1.30', '2.10', '3.65', '2', '12.0', 'Fe元素超标', '0', '1505982462', '1505982462');

-- ----------------------------
-- Table structure for oil_config
-- ----------------------------
DROP TABLE IF EXISTS `oil_config`;
CREATE TABLE `oil_config` (
  `id` int(10) NOT NULL AUTO_INCREMENT,
  `postpone` int(10) DEFAULT NULL,
  `Fe` float(10,2) DEFAULT NULL,
  `Cu` float(10,2) DEFAULT NULL,
  `Al` float(10,2) DEFAULT NULL,
  `Si` float(10,2) DEFAULT NULL,
  `Na` float(10,2) DEFAULT NULL,
  `pq` int(2) DEFAULT NULL COMMENT 'PQ',
  `viscosity_max` int(10) DEFAULT NULL,
  `viscosity_min` int(10) DEFAULT NULL,
  `create_time` int(11) DEFAULT NULL,
  `update_time` int(11) DEFAULT NULL,
  PRIMARY KEY (`id`)
) ENGINE=InnoDB AUTO_INCREMENT=2 DEFAULT CHARSET=utf8;

-- ----------------------------
-- Records of oil_config
-- ----------------------------
INSERT INTO `oil_config` VALUES ('1', '360', '2.00', '11.00', '1.80', '3.80', '6.00', '16', '15', '10', null, '1505981824');

-- ----------------------------
-- Table structure for oil_detail
-- ----------------------------
DROP TABLE IF EXISTS `oil_detail`;
CREATE TABLE `oil_detail` (
  `id` int(11) NOT NULL AUTO_INCREMENT,
  `oil_no` int(11) DEFAULT NULL COMMENT '物料编码',
  `oil_name` varchar(150) DEFAULT NULL COMMENT '润滑油名称',
  `detail` varchar(255) DEFAULT NULL COMMENT '物料描述',
  `unit` varchar(10) DEFAULT NULL COMMENT '单位',
  `price` float(10,2) DEFAULT NULL COMMENT '价格',
  `create_time` int(11) DEFAULT NULL,
  `update_time` int(11) DEFAULT NULL,
  PRIMARY KEY (`id`),
  UNIQUE KEY `oil_detail_id_uindex` (`id`),
  UNIQUE KEY `oil_detail_oil_no_uindex` (`oil_no`)
) ENGINE=MyISAM AUTO_INCREMENT=45 DEFAULT CHARSET=utf8;

-- ----------------------------
-- Records of oil_detail
-- ----------------------------
INSERT INTO `oil_detail` VALUES ('24', '10889994', '通用锂基脂', '尚博 2#;1×17kg\\长城', 'KG', '12.95', '1504598260', '1505697142');
INSERT INTO `oil_detail` VALUES ('23', '11249924', '通用锂基脂', '尚博 1#;1×17kg\\长城', 'KG', '12.95', '1504598260', '1505697142');
INSERT INTO `oil_detail` VALUES ('39', '11249907', '二硫化钼锂基润滑脂', '尚博 0#;1×17KG\\长城', 'KG', '15.25', '1505697098', '1505697142');
INSERT INTO `oil_detail` VALUES ('7', '10209348', '抗磨液压油', 'DTE 10 超凡 15;VG15;1×208L\\美孚', 'L ', '21.34', '1504595393', '1505697142');
INSERT INTO `oil_detail` VALUES ('43', '10889996', '通用锂基脂', '尚博 3#;1×17kg\\长城', 'KG', '13.64', '1505697142', '1505697142');
INSERT INTO `oil_detail` VALUES ('37', '11249919', '极压锂基润滑脂', '尚博 0#;1×17kg\\长城', 'KG', '14.03', '1505697098', '1505697142');
INSERT INTO `oil_detail` VALUES ('36', '10209313', '合成齿轮油', 'SHC 626;VG68;1×208L\\美孚', 'L ', '98.03', '1505697098', '1505697142');
INSERT INTO `oil_detail` VALUES ('35', '11102440', '液力传动油', '6#;1×170kg;200L\\昆仑', 'KG', '12.60', '1505697097', '1505697142');
INSERT INTO `oil_detail` VALUES ('31', '10209351', '抗磨液压油', 'DTE 10 超凡 32;VG32;1×208L\\美孚', 'L ', '21.70', '1505697097', '1505697142');
INSERT INTO `oil_detail` VALUES ('14', '10209398', '传动油', '424;1×208L\\美孚', 'L ', '24.30', '1504595393', '1505697142');
INSERT INTO `oil_detail` VALUES ('22', '11249923', '通用锂基脂', '尚博 0#;1×17kg\\长城', 'KG', '12.95', '1504598260', '1505697142');
INSERT INTO `oil_detail` VALUES ('21', '10061964', '极压锂基润滑脂', '尚博 3#;1×17kg\\长城', 'KG', '13.98', '1504598260', '1505697142');
INSERT INTO `oil_detail` VALUES ('30', '10209358', '抗磨液压油', 'DTE 25;VG46;1×208L\\美孚', 'L ', '20.56', '1505697097', '1505697142');
INSERT INTO `oil_detail` VALUES ('18', '10209315', '合成齿轮油', 'SHC 629;VG150;1×208L\\美孚', 'L ', '98.89', '1504595393', '1505697142');
INSERT INTO `oil_detail` VALUES ('32', '10209286', '超级齿轮油', '600 XP 220;VG220;1×208L\\美孚', 'L ', '17.01', '1505697097', '1505697142');
INSERT INTO `oil_detail` VALUES ('33', '10209288', '超级齿轮油', '600 XP 320;VG320;1×208L\\美孚', 'L ', '18.61', '1505697097', '1505697142');
INSERT INTO `oil_detail` VALUES ('34', '10209289', '超级齿轮油', '600 XP 460;VG460;1×208L\\美孚', 'L ', '18.77', '1505697097', '1505697142');
INSERT INTO `oil_detail` VALUES ('40', '10705085', '二硫化钼锂基润滑脂', '尚博 2#;1×17KG\\长城', 'KG', '15.11', '1505697098', '1505697142');
INSERT INTO `oil_detail` VALUES ('41', '11249914', '高温高速润滑脂', 'HTHS 2#;1×17kg\\长城', 'KG', '34.53', '1505697098', '1505697142');
INSERT INTO `oil_detail` VALUES ('44', '10209438', '复合锂基润滑脂', '力富 SHC 100;NLGI 2;1×16kg\\美孚', 'KG', '121.50', '1505697142', '1505697142');

-- ----------------------------
-- Table structure for oil_standard
-- ----------------------------
DROP TABLE IF EXISTS `oil_standard`;
CREATE TABLE `oil_standard` (
  `id` int(11) NOT NULL AUTO_INCREMENT,
  `equ_no` int(11) NOT NULL DEFAULT '0' COMMENT '设备编号',
  `equ_oil_no` int(11) NOT NULL DEFAULT '0' COMMENT '润滑点编号',
  `equ_key_no` int(10) DEFAULT NULL,
  `equ_name` varchar(255) DEFAULT '' COMMENT '设备名称',
  `equ_oil_name` varchar(100) NOT NULL DEFAULT '' COMMENT '润滑点全称',
  `oil_no` int(10) NOT NULL DEFAULT '0' COMMENT '物料编码',
  `quantity` int(10) NOT NULL DEFAULT '0' COMMENT '用量',
  `unit` varchar(10) NOT NULL DEFAULT '' COMMENT '单位\n',
  `first_period` int(10) NOT NULL DEFAULT '0' COMMENT '首保周期',
  `period` int(10) NOT NULL DEFAULT '0' COMMENT '更换最长周期',
  `interval` int(10) NOT NULL DEFAULT '0' COMMENT '油脂采样间隔',
  `create_time` int(11) DEFAULT NULL,
  `update_time` int(11) DEFAULT NULL,
  PRIMARY KEY (`id`),
  UNIQUE KEY `oil_standard_id_uindex` (`id`)
) ENGINE=MyISAM AUTO_INCREMENT=35 DEFAULT CHARSET=utf8 COMMENT='润滑标准样表';

-- ----------------------------
-- Records of oil_standard
-- ----------------------------
INSERT INTO `oil_standard` VALUES ('1', '100', '1', '10020171', '一号破碎站', '一号破碎站板式给料机左侧电动机前端轴承', '10209358', '100', 'KG', '500', '3500', '500', '1505283685', '1505974156');
INSERT INTO `oil_standard` VALUES ('2', '100', '2', '10020172', '一号破碎站', '一号破碎站板式给料机右侧电动机后端轴承', '10209351', '100', 'KG', '500', '3500', '500', '1505283685', '1505959144');
INSERT INTO `oil_standard` VALUES ('3', '100', '3', '10020173', '一号破碎站', '一号破碎站板式给料机左侧电动机前端轴承', '10209351', '100', 'KG', '500', '3500', '500', '1505283685', '1505959151');
INSERT INTO `oil_standard` VALUES ('4', '100', '4', '10020174', '一号破碎站', '一号破碎站板式给料机右侧电动后端轴承', '11249919', '100', 'KG', '500', '3500', '500', '1505283685', '1505960268');
INSERT INTO `oil_standard` VALUES ('5', '100', '5', '10020175', '一号破碎站', '一号破碎站板式给料机左侧减速机', '11249919', '100', 'L', '500', '3500', '500', '1505283685', '1505960274');
INSERT INTO `oil_standard` VALUES ('6', '100', '6', '10020176', '一号破碎站', '一号破碎站板式给料机右侧减速机', '1071231', '100', 'L', '500', '3500', '500', '1505283685', '1505283685');
INSERT INTO `oil_standard` VALUES ('7', '100', '7', '10020177', '一号破碎站', '一号破碎站板式给料机低速联轴器', '1071231', '100', 'KG', '500', '3500', '500', '1505283685', '1505283685');
INSERT INTO `oil_standard` VALUES ('8', '100', '8', '10020178', '一号破碎站', '一号破碎站板式给料机头轮左侧轴承', '1071231', '100', 'KG', '0', '3500', '500', '1505283685', '1505283685');
INSERT INTO `oil_standard` VALUES ('9', '100', '9', '10020179', '一号破碎站', '一号破碎站板式给料机头轮左侧轴承', '1071231', '100', 'KG', '0', '3500', '500', '1505283685', '1505283685');
INSERT INTO `oil_standard` VALUES ('10', '100', '10', '100201710', '一号破碎站', '一号破碎站板式给料机尾轮左侧轴承', '10209398', '100', 'KG', '0', '3500', '500', '1505283685', '1505960282');
INSERT INTO `oil_standard` VALUES ('11', '100', '11', '100201711', '一号破碎站', '一号破碎站板式给料机尾轮右侧轴承', '10209398', '200', 'KG', '500', '3500', '360', '1505283685', '1505962325');
INSERT INTO `oil_standard` VALUES ('12', '100', '12', '100201712', '一号破碎站', '一号破碎站板式给料机集中润滑泵', '1071231', '100', 'KG', '0', '3500', '500', '1505283685', '1505283685');
INSERT INTO `oil_standard` VALUES ('13', '100', '13', '100201713', '一号破碎站', '一号破碎站破碎机电机', '1071231', '100', 'KG', '0', '3500', '500', '1505283685', '1505283685');
INSERT INTO `oil_standard` VALUES ('14', '100', '14', '100201714', '一号破碎站', '一号破碎站破碎机偶合器', '1071231', '100', 'L', '500', '3500', '500', '1505283685', '1505283685');
INSERT INTO `oil_standard` VALUES ('15', '100', '15', '100201715', '一号破碎站', '一号破碎站破碎机减速机', '1071231', '100', 'L', '500', '3500', '500', '1505283685', '1505283685');
INSERT INTO `oil_standard` VALUES ('16', '100', '16', '100201716', '一号破碎站', '一号破碎站破碎机同步齿轮箱', '1071231', '100', 'L', '500', '3500', '500', '1505283685', '1505283685');
INSERT INTO `oil_standard` VALUES ('18', '200', '1', '20020171', '二号破碎站', '二号破碎站板式给料机左侧电动机前端轴承', '1071231', '100', 'KG', '500', '3500', '500', '1505283685', '1505283685');
INSERT INTO `oil_standard` VALUES ('19', '200', '2', '20020172', '二号破碎站', '二号破碎站板式给料机右侧电动机后端轴承', '1071231', '100', 'KG', '500', '3500', '500', '1505283685', '1505283685');
INSERT INTO `oil_standard` VALUES ('20', '200', '3', '20020173', '二号破碎站', '二号破碎站板式给料机左侧电动机前端轴承', '1071231', '100', 'KG', '500', '3500', '500', '1505283685', '1505283685');
INSERT INTO `oil_standard` VALUES ('21', '200', '4', '20020174', '二号破碎站', '二号破碎站板式给料机右侧电动后端轴承', '1071231', '100', 'KG', '500', '3500', '500', '1505283685', '1505283685');
INSERT INTO `oil_standard` VALUES ('22', '200', '5', '20020175', '二号破碎站', '二号破碎站板式给料机左侧减速机', '1071231', '100', 'L', '500', '3500', '500', '1505283685', '1505283685');
INSERT INTO `oil_standard` VALUES ('23', '200', '6', '20020176', '二号破碎站', '二号破碎站板式给料机右侧减速机', '1071231', '100', 'L', '500', '3500', '500', '1505283685', '1505283685');
INSERT INTO `oil_standard` VALUES ('24', '200', '7', '20020177', '二号破碎站', '二号破碎站板式给料机低速联轴器', '1071231', '100', 'KG', '500', '3500', '500', '1505283685', '1505283685');
INSERT INTO `oil_standard` VALUES ('25', '200', '8', '20020178', '二号破碎站', '二号破碎站板式给料机头轮左侧轴承', '1071231', '100', 'KG', '0', '3500', '500', '1505283685', '1505283685');
INSERT INTO `oil_standard` VALUES ('26', '200', '9', '20020179', '二号破碎站', '二号破碎站板式给料机头轮左侧轴承', '1071231', '100', 'KG', '0', '3500', '500', '1505283685', '1505283685');
INSERT INTO `oil_standard` VALUES ('27', '200', '10', '200201710', '二号破碎站', '二号破碎站板式给料机尾轮左侧轴承', '1071231', '100', 'KG', '0', '3500', '500', '1505283685', '1505283685');
INSERT INTO `oil_standard` VALUES ('28', '200', '11', '200201711', '二号破碎站', '二号破碎站板式给料机尾轮右侧轴承', '1071231', '100', 'KG', '0', '3500', '500', '1505283685', '1505283685');
INSERT INTO `oil_standard` VALUES ('29', '200', '12', '200201712', '二号破碎站', '二号破碎站板式给料机集中润滑泵', '1071231', '100', 'KG', '0', '3500', '500', '1505283685', '1505283685');
INSERT INTO `oil_standard` VALUES ('30', '200', '13', '200201713', '二号破碎站', '二号破碎站破碎机电机', '1071231', '100', 'KG', '0', '3500', '500', '1505283685', '1505283685');
INSERT INTO `oil_standard` VALUES ('31', '200', '14', '200201714', '二号破碎站', '二号破碎站破碎机偶合器', '1071231', '100', 'L', '500', '3500', '500', '1505283685', '1505283685');
INSERT INTO `oil_standard` VALUES ('32', '200', '15', '200201715', '二号破碎站', '二号破碎站破碎机减速机', '1071231', '100', 'L', '500', '3500', '500', '1505283685', '1505283685');
INSERT INTO `oil_standard` VALUES ('33', '200', '16', '200201716', '二号破碎站', '二号破碎站破碎机同步齿轮箱', '1071231', '100', 'L', '500', '3500', '500', '1505283685', '1505283685');
INSERT INTO `oil_standard` VALUES ('34', '200', '17', '200201717', '二号破碎站', '二号破碎站破碎机机集中润滑泵', '1071231', '100', 'KG', '0', '3500', '500', '1505283685', '1505283685');

-- ----------------------------
-- Table structure for user
-- ----------------------------
DROP TABLE IF EXISTS `user`;
CREATE TABLE `user` (
  `id` int(10) unsigned NOT NULL AUTO_INCREMENT,
  `account` varchar(30) NOT NULL,
  `password` char(32) NOT NULL,
  `scope` tinyint(2) DEFAULT NULL COMMENT '权限 1：超级管理员 2：系统维护员 3：普通工作人员',
  `name` varchar(10) DEFAULT NULL,
  `phone` char(11) DEFAULT NULL,
  `update_time` int(11) DEFAULT NULL,
  `create_time` int(11) DEFAULT NULL,
  PRIMARY KEY (`id`),
  UNIQUE KEY `user_account_uindex` (`account`)
) ENGINE=InnoDB AUTO_INCREMENT=10 DEFAULT CHARSET=utf8;

-- ----------------------------
-- Records of user
-- ----------------------------
INSERT INTO `user` VALUES ('1', 'admin', 'e10adc3949ba59abbe56e057f20f883e', '36', '杨泽', '15436930000', '1505808130', null);
INSERT INTO `user` VALUES ('3', 'yangze', 'e10adc3949ba59abbe56e057f20f883e', '18', 'asdf', '15148623483', null, null);
INSERT INTO `user` VALUES ('9', 'runhua1', 'e10adc3949ba59abbe56e057f20f883e', '9', '三级员工', null, null, null);

-- ----------------------------
-- Table structure for work_hour
-- ----------------------------
DROP TABLE IF EXISTS `work_hour`;
CREATE TABLE `work_hour` (
  `id` int(10) unsigned NOT NULL AUTO_INCREMENT,
  `equ_no` int(11) NOT NULL COMMENT '设备编号',
  `equ_oil_no` int(11) NOT NULL COMMENT '润滑点编号',
  `equ_key_no` int(10) DEFAULT NULL,
  `equ_oil_name` varchar(100) DEFAULT NULL COMMENT '润滑点名称',
  `working_hour` int(100) NOT NULL,
  `start_time` int(100) DEFAULT NULL,
  `create_time` int(100) DEFAULT NULL,
  `update_time` int(100) DEFAULT NULL,
  PRIMARY KEY (`id`)
) ENGINE=MyISAM AUTO_INCREMENT=194 DEFAULT CHARSET=utf8;

-- ----------------------------
-- Records of work_hour
-- ----------------------------
INSERT INTO `work_hour` VALUES ('184', '100', '10', '100201710', '一号破碎站板式给料机尾轮左侧轴承', '360', '1516464000', '1505985838', '1505985838');
INSERT INTO `work_hour` VALUES ('2', '100', '2', '10020172', '一号破碎站板式给料机右侧电动机后端轴承', '360', '1483804800', '1505437897', '1505437897');
INSERT INTO `work_hour` VALUES ('3', '100', '3', '10020173', '一号破碎站板式给料机左侧电动机前端轴承', '360', '1483804800', '1505437897', '1505437897');
INSERT INTO `work_hour` VALUES ('4', '100', '4', '10020174', '一号破碎站板式给料机右侧电动后端轴承', '360', '1483804800', '1505437897', '1505437897');
INSERT INTO `work_hour` VALUES ('5', '100', '5', '10020175', '一号破碎站板式给料机左侧减速机', '360', '1483804800', '1505437897', '1505437897');
INSERT INTO `work_hour` VALUES ('6', '100', '6', '10020176', '一号破碎站板式给料机右侧减速机', '360', '1483804800', '1505437897', '1505437897');
INSERT INTO `work_hour` VALUES ('7', '100', '7', '10020177', '一号破碎站板式给料机低速联轴器', '360', '1483804800', '1505437897', '1505437897');
INSERT INTO `work_hour` VALUES ('8', '100', '8', '10020178', '一号破碎站板式给料机头轮左侧轴承', '360', '1483804800', '1505437897', '1505437897');
INSERT INTO `work_hour` VALUES ('9', '100', '9', '10020179', '一号破碎站板式给料机头轮左侧轴承', '360', '1483804800', '1505437897', '1505437897');
INSERT INTO `work_hour` VALUES ('10', '100', '10', '100201710', '一号破碎站板式给料机尾轮左侧轴承', '360', '1483804800', '1505437897', '1505437897');
INSERT INTO `work_hour` VALUES ('11', '100', '11', '100201711', '一号破碎站板式给料机尾轮右侧轴承', '360', '1483804800', '1505437897', '1505437897');
INSERT INTO `work_hour` VALUES ('12', '100', '12', '100201712', '一号破碎站板式给料机集中润滑泵', '360', '1483804800', '1505437897', '1505437897');
INSERT INTO `work_hour` VALUES ('13', '100', '13', '100201713', '一号破碎站破碎机电机', '360', '1483804800', '1505437897', '1505437897');
INSERT INTO `work_hour` VALUES ('14', '100', '14', '100201714', '一号破碎站破碎机偶合器', '360', '1483804800', '1505437897', '1505437897');
INSERT INTO `work_hour` VALUES ('185', '100', '12', '100201712', '一号破碎站板式给料机集中润滑泵', '360', '1516464000', '1505985927', '1505985927');
INSERT INTO `work_hour` VALUES ('16', '100', '2', '10020172', '一号破碎站板式给料机右侧电动机后端轴承', '360', '1486483200', '1505437897', '1505437897');
INSERT INTO `work_hour` VALUES ('17', '100', '3', '10020173', '一号破碎站板式给料机左侧电动机前端轴承', '360', '1486483200', '1505437897', '1505437897');
INSERT INTO `work_hour` VALUES ('18', '100', '4', '10020174', '一号破碎站板式给料机右侧电动后端轴承', '360', '1486483200', '1505437897', '1505437897');
INSERT INTO `work_hour` VALUES ('19', '100', '5', '10020175', '一号破碎站板式给料机左侧减速机', '360', '1486483200', '1505437897', '1505437897');
INSERT INTO `work_hour` VALUES ('20', '100', '6', '10020176', '一号破碎站板式给料机右侧减速机', '360', '1486483200', '1505437897', '1505437897');
INSERT INTO `work_hour` VALUES ('21', '100', '7', '10020177', '一号破碎站板式给料机低速联轴器', '360', '1486483200', '1505437897', '1505437897');
INSERT INTO `work_hour` VALUES ('22', '100', '8', '10020178', '一号破碎站板式给料机头轮左侧轴承', '360', '1486483200', '1505437897', '1505437897');
INSERT INTO `work_hour` VALUES ('23', '100', '9', '10020179', '一号破碎站板式给料机头轮左侧轴承', '360', '1486483200', '1505437897', '1505437897');
INSERT INTO `work_hour` VALUES ('24', '100', '10', '100201710', '一号破碎站板式给料机尾轮左侧轴承', '360', '1486483200', '1505437897', '1505437897');
INSERT INTO `work_hour` VALUES ('25', '100', '11', '100201711', '一号破碎站板式给料机尾轮右侧轴承', '360', '1486483200', '1505437897', '1505437897');
INSERT INTO `work_hour` VALUES ('26', '100', '12', '100201712', '一号破碎站板式给料机集中润滑泵', '360', '1486483200', '1505437897', '1505437897');
INSERT INTO `work_hour` VALUES ('27', '100', '13', '100201713', '一号破碎站破碎机电机', '360', '1486483200', '1505437897', '1505437897');
INSERT INTO `work_hour` VALUES ('28', '100', '14', '100201714', '一号破碎站破碎机偶合器', '360', '1486483200', '1505437897', '1505437897');
INSERT INTO `work_hour` VALUES ('186', '100', '8', '10020178', '一号破碎站板式给料机头轮左侧轴承', '360', '1516464000', '1505986029', '1505986029');
INSERT INTO `work_hour` VALUES ('30', '100', '2', '10020172', '一号破碎站板式给料机右侧电动机后端轴承', '360', '1488902400', '1505437897', '1505437897');
INSERT INTO `work_hour` VALUES ('31', '100', '3', '10020173', '一号破碎站板式给料机左侧电动机前端轴承', '360', '1488902400', '1505437897', '1505437897');
INSERT INTO `work_hour` VALUES ('32', '100', '4', '10020174', '一号破碎站板式给料机右侧电动后端轴承', '360', '1488902400', '1505437897', '1505437897');
INSERT INTO `work_hour` VALUES ('33', '100', '5', '10020175', '一号破碎站板式给料机左侧减速机', '360', '1488902400', '1505437897', '1505437897');
INSERT INTO `work_hour` VALUES ('34', '100', '6', '10020176', '一号破碎站板式给料机右侧减速机', '360', '1488902400', '1505437897', '1505437897');
INSERT INTO `work_hour` VALUES ('35', '100', '7', '10020177', '一号破碎站板式给料机低速联轴器', '360', '1488902400', '1505437897', '1505437897');
INSERT INTO `work_hour` VALUES ('36', '100', '8', '10020178', '一号破碎站板式给料机头轮左侧轴承', '360', '1488902400', '1505437897', '1505437897');
INSERT INTO `work_hour` VALUES ('37', '100', '9', '10020179', '一号破碎站板式给料机头轮左侧轴承', '360', '1488902400', '1505437897', '1505437897');
INSERT INTO `work_hour` VALUES ('38', '100', '10', '100201710', '一号破碎站板式给料机尾轮左侧轴承', '360', '1488902400', '1505437897', '1505437897');
INSERT INTO `work_hour` VALUES ('39', '100', '11', '100201711', '一号破碎站板式给料机尾轮右侧轴承', '360', '1488902400', '1505437897', '1505437897');
INSERT INTO `work_hour` VALUES ('40', '100', '12', '100201712', '一号破碎站板式给料机集中润滑泵', '360', '1488902400', '1505437897', '1505437897');
INSERT INTO `work_hour` VALUES ('41', '100', '13', '100201713', '一号破碎站破碎机电机', '360', '1488902400', '1505437897', '1505437897');
INSERT INTO `work_hour` VALUES ('42', '100', '14', '100201714', '一号破碎站破碎机偶合器', '360', '1488902400', '1505437897', '1505437897');
INSERT INTO `work_hour` VALUES ('187', '100', '6', '10020176', '一号破碎站板式给料机右侧减速机', '360', '1516464000', '1505986330', '1505986330');
INSERT INTO `work_hour` VALUES ('44', '100', '2', '10020172', '一号破碎站板式给料机右侧电动机后端轴承', '360', '1491580800', '1505437897', '1505437897');
INSERT INTO `work_hour` VALUES ('45', '100', '3', '10020173', '一号破碎站板式给料机左侧电动机前端轴承', '360', '1491580800', '1505437897', '1505437897');
INSERT INTO `work_hour` VALUES ('46', '100', '4', '10020174', '一号破碎站板式给料机右侧电动后端轴承', '360', '1491580800', '1505437897', '1505437897');
INSERT INTO `work_hour` VALUES ('47', '100', '5', '10020175', '一号破碎站板式给料机左侧减速机', '360', '1491580800', '1505437897', '1505437897');
INSERT INTO `work_hour` VALUES ('48', '100', '6', '10020176', '一号破碎站板式给料机右侧减速机', '360', '1491580800', '1505437897', '1505437897');
INSERT INTO `work_hour` VALUES ('49', '100', '7', '10020177', '一号破碎站板式给料机低速联轴器', '360', '1491580800', '1505437897', '1505437897');
INSERT INTO `work_hour` VALUES ('50', '100', '8', '10020178', '一号破碎站板式给料机头轮左侧轴承', '360', '1491580800', '1505437897', '1505437897');
INSERT INTO `work_hour` VALUES ('51', '100', '9', '10020179', '一号破碎站板式给料机头轮左侧轴承', '360', '1491580800', '1505437897', '1505437897');
INSERT INTO `work_hour` VALUES ('52', '100', '10', '100201710', '一号破碎站板式给料机尾轮左侧轴承', '360', '1491580800', '1505437897', '1505437897');
INSERT INTO `work_hour` VALUES ('53', '100', '11', '100201711', '一号破碎站板式给料机尾轮右侧轴承', '360', '1491580800', '1505437897', '1505437897');
INSERT INTO `work_hour` VALUES ('54', '100', '12', '100201712', '一号破碎站板式给料机集中润滑泵', '360', '1491580800', '1505437897', '1505437897');
INSERT INTO `work_hour` VALUES ('55', '100', '13', '100201713', '一号破碎站破碎机电机', '360', '1491580800', '1505437897', '1505437897');
INSERT INTO `work_hour` VALUES ('56', '100', '14', '100201714', '一号破碎站破碎机偶合器', '360', '1491580800', '1505437897', '1505437897');
INSERT INTO `work_hour` VALUES ('58', '100', '2', '10020172', '一号破碎站板式给料机右侧电动机后端轴承', '360', '1494172800', '1505437897', '1505437897');
INSERT INTO `work_hour` VALUES ('59', '100', '3', '10020173', '一号破碎站板式给料机左侧电动机前端轴承', '360', '1494172800', '1505437897', '1505437897');
INSERT INTO `work_hour` VALUES ('60', '100', '4', '10020174', '一号破碎站板式给料机右侧电动后端轴承', '360', '1494172800', '1505437897', '1505437897');
INSERT INTO `work_hour` VALUES ('61', '100', '5', '10020175', '一号破碎站板式给料机左侧减速机', '360', '1494172800', '1505437897', '1505437897');
INSERT INTO `work_hour` VALUES ('62', '100', '6', '10020176', '一号破碎站板式给料机右侧减速机', '360', '1494172800', '1505437897', '1505437897');
INSERT INTO `work_hour` VALUES ('63', '100', '7', '10020177', '一号破碎站板式给料机低速联轴器', '360', '1494172800', '1505437897', '1505437897');
INSERT INTO `work_hour` VALUES ('64', '100', '8', '10020178', '一号破碎站板式给料机头轮左侧轴承', '360', '1494172800', '1505437897', '1505437897');
INSERT INTO `work_hour` VALUES ('65', '100', '9', '10020179', '一号破碎站板式给料机头轮左侧轴承', '360', '1494172800', '1505437897', '1505437897');
INSERT INTO `work_hour` VALUES ('66', '100', '10', '100201710', '一号破碎站板式给料机尾轮左侧轴承', '360', '1494172800', '1505437897', '1505437897');
INSERT INTO `work_hour` VALUES ('67', '100', '11', '100201711', '一号破碎站板式给料机尾轮右侧轴承', '360', '1494172800', '1505437897', '1505437897');
INSERT INTO `work_hour` VALUES ('68', '100', '12', '100201712', '一号破碎站板式给料机集中润滑泵', '360', '1494172800', '1505437897', '1505437897');
INSERT INTO `work_hour` VALUES ('69', '100', '13', '100201713', '一号破碎站破碎机电机', '360', '1494172800', '1505437897', '1505437897');
INSERT INTO `work_hour` VALUES ('70', '100', '14', '100201714', '一号破碎站破碎机偶合器', '360', '1494172800', '1505437897', '1505437897');
INSERT INTO `work_hour` VALUES ('72', '100', '2', '10020172', '一号破碎站板式给料机右侧电动机后端轴承', '360', '1496851200', '1505437897', '1505437897');
INSERT INTO `work_hour` VALUES ('73', '100', '3', '10020173', '一号破碎站板式给料机左侧电动机前端轴承', '360', '1496851200', '1505437897', '1505437897');
INSERT INTO `work_hour` VALUES ('74', '100', '4', '10020174', '一号破碎站板式给料机右侧电动后端轴承', '360', '1496851200', '1505437897', '1505437897');
INSERT INTO `work_hour` VALUES ('75', '100', '5', '10020175', '一号破碎站板式给料机左侧减速机', '360', '1496851200', '1505437897', '1505437897');
INSERT INTO `work_hour` VALUES ('76', '100', '6', '10020176', '一号破碎站板式给料机右侧减速机', '360', '1496851200', '1505437897', '1505437897');
INSERT INTO `work_hour` VALUES ('77', '100', '7', '10020177', '一号破碎站板式给料机低速联轴器', '360', '1496851200', '1505437897', '1505437897');
INSERT INTO `work_hour` VALUES ('78', '100', '8', '10020178', '一号破碎站板式给料机头轮左侧轴承', '360', '1496851200', '1505437897', '1505437897');
INSERT INTO `work_hour` VALUES ('79', '100', '9', '10020179', '一号破碎站板式给料机头轮左侧轴承', '360', '1496851200', '1505437897', '1505437897');
INSERT INTO `work_hour` VALUES ('80', '100', '10', '100201710', '一号破碎站板式给料机尾轮左侧轴承', '360', '1496851200', '1505437897', '1505437897');
INSERT INTO `work_hour` VALUES ('81', '100', '11', '100201711', '一号破碎站板式给料机尾轮右侧轴承', '360', '1496851200', '1505437897', '1505437897');
INSERT INTO `work_hour` VALUES ('82', '100', '12', '100201712', '一号破碎站板式给料机集中润滑泵', '360', '1496851200', '1505437897', '1505437897');
INSERT INTO `work_hour` VALUES ('83', '100', '13', '100201713', '一号破碎站破碎机电机', '360', '1496851200', '1505437897', '1505437897');
INSERT INTO `work_hour` VALUES ('84', '100', '14', '100201714', '一号破碎站破碎机偶合器', '360', '1496851200', '1505437897', '1505437897');
INSERT INTO `work_hour` VALUES ('86', '100', '2', '10020172', '一号破碎站板式给料机右侧电动机后端轴承', '360', '1499443200', '1505437897', '1505437897');
INSERT INTO `work_hour` VALUES ('87', '100', '3', '10020173', '一号破碎站板式给料机左侧电动机前端轴承', '360', '1499443200', '1505437897', '1505437897');
INSERT INTO `work_hour` VALUES ('88', '100', '4', '10020174', '一号破碎站板式给料机右侧电动后端轴承', '360', '1499443200', '1505437897', '1505437897');
INSERT INTO `work_hour` VALUES ('89', '100', '5', '10020175', '一号破碎站板式给料机左侧减速机', '360', '1499443200', '1505437897', '1505437897');
INSERT INTO `work_hour` VALUES ('90', '100', '6', '10020176', '一号破碎站板式给料机右侧减速机', '360', '1499443200', '1505437897', '1505437897');
INSERT INTO `work_hour` VALUES ('91', '100', '7', '10020177', '一号破碎站板式给料机低速联轴器', '360', '1499443200', '1505437897', '1505437897');
INSERT INTO `work_hour` VALUES ('92', '100', '8', '10020178', '一号破碎站板式给料机头轮左侧轴承', '360', '1499443200', '1505437897', '1505437897');
INSERT INTO `work_hour` VALUES ('93', '100', '9', '10020179', '一号破碎站板式给料机头轮左侧轴承', '360', '1499443200', '1505437897', '1505437897');
INSERT INTO `work_hour` VALUES ('94', '100', '10', '100201710', '一号破碎站板式给料机尾轮左侧轴承', '360', '1499443200', '1505437897', '1505437897');
INSERT INTO `work_hour` VALUES ('95', '100', '11', '100201711', '一号破碎站板式给料机尾轮右侧轴承', '360', '1499443200', '1505437897', '1505437897');
INSERT INTO `work_hour` VALUES ('96', '100', '12', '100201712', '一号破碎站板式给料机集中润滑泵', '360', '1499443200', '1505437897', '1505437897');
INSERT INTO `work_hour` VALUES ('97', '100', '13', '100201713', '一号破碎站破碎机电机', '360', '1499443200', '1505437897', '1505437897');
INSERT INTO `work_hour` VALUES ('98', '100', '14', '100201714', '一号破碎站破碎机偶合器', '360', '1499443200', '1505437897', '1505437897');
INSERT INTO `work_hour` VALUES ('100', '100', '2', '10020172', '一号破碎站板式给料机右侧电动机后端轴承', '360', '1502121600', '1505437897', '1505437897');
INSERT INTO `work_hour` VALUES ('101', '100', '3', '10020173', '一号破碎站板式给料机左侧电动机前端轴承', '360', '1502121600', '1505437897', '1505437897');
INSERT INTO `work_hour` VALUES ('102', '100', '4', '10020174', '一号破碎站板式给料机右侧电动后端轴承', '360', '1502121600', '1505437897', '1505437897');
INSERT INTO `work_hour` VALUES ('103', '100', '5', '10020175', '一号破碎站板式给料机左侧减速机', '360', '1502121600', '1505437897', '1505437897');
INSERT INTO `work_hour` VALUES ('104', '100', '6', '10020176', '一号破碎站板式给料机右侧减速机', '360', '1502121600', '1505437897', '1505437897');
INSERT INTO `work_hour` VALUES ('105', '100', '7', '10020177', '一号破碎站板式给料机低速联轴器', '360', '1502121600', '1505437897', '1505437897');
INSERT INTO `work_hour` VALUES ('106', '100', '8', '10020178', '一号破碎站板式给料机头轮左侧轴承', '360', '1502121600', '1505437897', '1505437897');
INSERT INTO `work_hour` VALUES ('107', '100', '9', '10020179', '一号破碎站板式给料机头轮左侧轴承', '360', '1502121600', '1505437897', '1505437897');
INSERT INTO `work_hour` VALUES ('108', '100', '10', '100201710', '一号破碎站板式给料机尾轮左侧轴承', '360', '1502121600', '1505437897', '1505437897');
INSERT INTO `work_hour` VALUES ('109', '100', '11', '100201711', '一号破碎站板式给料机尾轮右侧轴承', '360', '1502121600', '1505437897', '1505437897');
INSERT INTO `work_hour` VALUES ('110', '100', '12', '100201712', '一号破碎站板式给料机集中润滑泵', '360', '1502121600', '1505437897', '1505437897');
INSERT INTO `work_hour` VALUES ('111', '100', '13', '100201713', '一号破碎站破碎机电机', '360', '1502121600', '1505437897', '1505437897');
INSERT INTO `work_hour` VALUES ('112', '100', '14', '100201714', '一号破碎站破碎机偶合器', '360', '1502121600', '1505437897', '1505437897');
INSERT INTO `work_hour` VALUES ('114', '100', '2', '10020172', '一号破碎站板式给料机右侧电动机后端轴承', '360', '1504800000', '1505437897', '1505437897');
INSERT INTO `work_hour` VALUES ('115', '100', '3', '10020173', '一号破碎站板式给料机左侧电动机前端轴承', '360', '1504800000', '1505437897', '1505437897');
INSERT INTO `work_hour` VALUES ('116', '100', '4', '10020174', '一号破碎站板式给料机右侧电动后端轴承', '360', '1504800000', '1505437897', '1505437897');
INSERT INTO `work_hour` VALUES ('117', '100', '5', '10020175', '一号破碎站板式给料机左侧减速机', '360', '1504800000', '1505437897', '1505437897');
INSERT INTO `work_hour` VALUES ('118', '100', '6', '10020176', '一号破碎站板式给料机右侧减速机', '360', '1504800000', '1505437897', '1505437897');
INSERT INTO `work_hour` VALUES ('120', '100', '8', '10020178', '一号破碎站板式给料机头轮左侧轴承', '360', '1504800000', '1505437897', '1505437897');
INSERT INTO `work_hour` VALUES ('121', '100', '9', '10020179', '一号破碎站板式给料机头轮左侧轴承', '360', '1504800000', '1505437897', '1505437897');
INSERT INTO `work_hour` VALUES ('122', '100', '10', '100201710', '一号破碎站板式给料机尾轮左侧轴承', '360', '1504800000', '1505437897', '1505437897');
INSERT INTO `work_hour` VALUES ('123', '100', '11', '100201711', '一号破碎站板式给料机尾轮右侧轴承', '360', '1504800000', '1505437897', '1505437897');
INSERT INTO `work_hour` VALUES ('124', '100', '12', '100201712', '一号破碎站板式给料机集中润滑泵', '360', '1504800000', '1505437897', '1505437897');
INSERT INTO `work_hour` VALUES ('125', '100', '13', '100201713', '一号破碎站破碎机电机', '360', '1504800000', '1505437897', '1505437897');
INSERT INTO `work_hour` VALUES ('126', '100', '14', '100201714', '一号破碎站破碎机偶合器', '360', '1504800000', '1505437897', '1505437897');
INSERT INTO `work_hour` VALUES ('128', '100', '2', '10020172', '一号破碎站板式给料机右侧电动机后端轴承', '360', '1507392000', '1505437897', '1505437897');
INSERT INTO `work_hour` VALUES ('129', '100', '3', '10020173', '一号破碎站板式给料机左侧电动机前端轴承', '360', '1507392000', '1505437897', '1505437897');
INSERT INTO `work_hour` VALUES ('130', '100', '4', '10020174', '一号破碎站板式给料机右侧电动后端轴承', '360', '1507392000', '1505437897', '1505437897');
INSERT INTO `work_hour` VALUES ('131', '100', '5', '10020175', '一号破碎站板式给料机左侧减速机', '360', '1507392000', '1505437897', '1505437897');
INSERT INTO `work_hour` VALUES ('132', '100', '6', '10020176', '一号破碎站板式给料机右侧减速机', '360', '1507392000', '1505437897', '1505437897');
INSERT INTO `work_hour` VALUES ('134', '100', '8', '10020178', '一号破碎站板式给料机头轮左侧轴承', '360', '1507392000', '1505437897', '1505437897');
INSERT INTO `work_hour` VALUES ('135', '100', '9', '10020179', '一号破碎站板式给料机头轮左侧轴承', '360', '1507392000', '1505437897', '1505437897');
INSERT INTO `work_hour` VALUES ('136', '100', '10', '100201710', '一号破碎站板式给料机尾轮左侧轴承', '360', '1507392000', '1505437897', '1505437897');
INSERT INTO `work_hour` VALUES ('137', '100', '11', '100201711', '一号破碎站板式给料机尾轮右侧轴承', '360', '1507392000', '1505437897', '1505437897');
INSERT INTO `work_hour` VALUES ('138', '100', '12', '100201712', '一号破碎站板式给料机集中润滑泵', '360', '1507392000', '1505437897', '1505437897');
INSERT INTO `work_hour` VALUES ('139', '100', '13', '100201713', '一号破碎站破碎机电机', '360', '1507392000', '1505437897', '1505437897');
INSERT INTO `work_hour` VALUES ('140', '100', '14', '100201714', '一号破碎站破碎机偶合器', '360', '1507392000', '1505437897', '1505437897');
INSERT INTO `work_hour` VALUES ('142', '100', '2', '10020172', '一号破碎站板式给料机右侧电动机后端轴承', '360', '1510070400', '1505437897', '1505437897');
INSERT INTO `work_hour` VALUES ('143', '100', '3', '10020173', '一号破碎站板式给料机左侧电动机前端轴承', '360', '1510070400', '1505437897', '1505437897');
INSERT INTO `work_hour` VALUES ('144', '100', '4', '10020174', '一号破碎站板式给料机右侧电动后端轴承', '360', '1510070400', '1505437897', '1505437897');
INSERT INTO `work_hour` VALUES ('145', '100', '5', '10020175', '一号破碎站板式给料机左侧减速机', '360', '1510070400', '1505437897', '1505437897');
INSERT INTO `work_hour` VALUES ('146', '100', '6', '10020176', '一号破碎站板式给料机右侧减速机', '360', '1510070400', '1505437897', '1505437897');
INSERT INTO `work_hour` VALUES ('148', '100', '8', '10020178', '一号破碎站板式给料机头轮左侧轴承', '360', '1510070400', '1505437897', '1505437897');
INSERT INTO `work_hour` VALUES ('149', '100', '9', '10020179', '一号破碎站板式给料机头轮左侧轴承', '360', '1510070400', '1505437897', '1505437897');
INSERT INTO `work_hour` VALUES ('150', '100', '10', '100201710', '一号破碎站板式给料机尾轮左侧轴承', '360', '1510070400', '1505437897', '1505437897');
INSERT INTO `work_hour` VALUES ('151', '100', '11', '100201711', '一号破碎站板式给料机尾轮右侧轴承', '360', '1510070400', '1505437897', '1505437897');
INSERT INTO `work_hour` VALUES ('152', '100', '12', '100201712', '一号破碎站板式给料机集中润滑泵', '360', '1510070400', '1505437897', '1505437897');
INSERT INTO `work_hour` VALUES ('153', '100', '13', '100201713', '一号破碎站破碎机电机', '360', '1510070400', '1505437897', '1505437897');
INSERT INTO `work_hour` VALUES ('154', '100', '14', '100201714', '一号破碎站破碎机偶合器', '360', '1510070400', '1505437897', '1505437897');
INSERT INTO `work_hour` VALUES ('183', '100', '2', '10020172', '一号破碎站板式给料机右侧电动机后端轴承', '360', '1513785600', '1505985749', '1505985749');
INSERT INTO `work_hour` VALUES ('157', '100', '3', '10020173', '一号破碎站板式给料机左侧电动机前端轴承', '360', '1512662400', '1505437897', '1505437897');
INSERT INTO `work_hour` VALUES ('158', '100', '4', '10020174', '一号破碎站板式给料机右侧电动后端轴承', '360', '1512662400', '1505437897', '1505437897');
INSERT INTO `work_hour` VALUES ('159', '100', '5', '10020175', '一号破碎站板式给料机左侧减速机', '360', '1512662400', '1505437897', '1505437897');
INSERT INTO `work_hour` VALUES ('160', '100', '6', '10020176', '一号破碎站板式给料机右侧减速机', '360', '1512662400', '1505437897', '1505437897');
INSERT INTO `work_hour` VALUES ('162', '100', '8', '10020178', '一号破碎站板式给料机头轮左侧轴承', '360', '1512662400', '1505437897', '1505437897');
INSERT INTO `work_hour` VALUES ('163', '100', '9', '10020179', '一号破碎站板式给料机头轮左侧轴承', '360', '1512662400', '1505437897', '1505437897');
INSERT INTO `work_hour` VALUES ('164', '100', '10', '100201710', '一号破碎站板式给料机尾轮左侧轴承', '360', '1512662400', '1505437897', '1505437897');
INSERT INTO `work_hour` VALUES ('165', '100', '11', '100201711', '一号破碎站板式给料机尾轮右侧轴承', '360', '1512662400', '1505437897', '1505437897');
INSERT INTO `work_hour` VALUES ('166', '100', '12', '100201712', '一号破碎站板式给料机集中润滑泵', '360', '1512662400', '1505437897', '1505437897');
INSERT INTO `work_hour` VALUES ('167', '100', '13', '100201713', '一号破碎站破碎机电机', '360', '1512662400', '1505437897', '1505437897');
INSERT INTO `work_hour` VALUES ('168', '100', '14', '100201714', '一号破碎站破碎机偶合器', '360', '1512662400', '1505437897', '1505437897');
INSERT INTO `work_hour` VALUES ('169', '200', '1', '20020171', '二号破碎站板式给料机左侧电动机前端轴承', '360', '1483804800', '1505437897', '1505437897');
INSERT INTO `work_hour` VALUES ('170', '200', '2', '20020172', '二号破碎站板式给料机右侧电动机后端轴承', '360', '1483891200', '1505437897', '1505437897');
INSERT INTO `work_hour` VALUES ('171', '200', '3', '20020173', '二号破碎站板式给料机左侧电动机前端轴承', '360', '1483977600', '1505437897', '1505437897');
INSERT INTO `work_hour` VALUES ('172', '200', '4', '20020174', '二号破碎站板式给料机右侧电动后端轴承', '360', '1484064000', '1505437897', '1505437897');
INSERT INTO `work_hour` VALUES ('173', '200', '5', '20020175', '二号破碎站板式给料机左侧减速机', '360', '1484150400', '1505437897', '1505437897');
INSERT INTO `work_hour` VALUES ('174', '200', '6', '20020176', '二号破碎站板式给料机右侧减速机', '360', '1484236800', '1505437898', '1505437898');
INSERT INTO `work_hour` VALUES ('175', '200', '7', '20020177', '二号破碎站板式给料机低速联轴器', '360', '1484323200', '1505437898', '1505437898');
INSERT INTO `work_hour` VALUES ('176', '200', '8', '20020178', '二号破碎站板式给料机头轮左侧轴承', '360', '1484409600', '1505437898', '1505437898');
INSERT INTO `work_hour` VALUES ('177', '200', '9', '20020179', '二号破碎站板式给料机头轮左侧轴承', '360', '1484496000', '1505437898', '1505437898');
INSERT INTO `work_hour` VALUES ('178', '200', '10', '200201710', '二号破碎站板式给料机尾轮左侧轴承', '360', '1484582400', '1505437898', '1505437898');
INSERT INTO `work_hour` VALUES ('179', '200', '11', '200201711', '二号破碎站板式给料机尾轮右侧轴承', '360', '1484668800', '1505437898', '1505437898');
INSERT INTO `work_hour` VALUES ('180', '200', '12', '200201712', '二号破碎站板式给料机集中润滑泵', '360', '1484755200', '1505437898', '1505437898');
INSERT INTO `work_hour` VALUES ('181', '200', '13', '200201713', '二号破碎站破碎机电机', '360', '1484841600', '1505437898', '1505437898');
INSERT INTO `work_hour` VALUES ('182', '200', '14', '200201714', '二号破碎站破碎机偶合器', '360', '1484928000', '1505437898', '1505437898');
